id,uid,password,first_name,last_name,username,email,avatar,gender,phone_number,social_insurance_number,date_of_birth,employment.title,employment.key_skill,address.city,address.street_name,address.street_address,address.zip_code,address.state,address.country,address.coordinates.lat,address.coordinates.lng,credit_card.cc_number,subscription.plan,subscription.status,subscription.payment_method,subscription.term
7291,8f8ad7ac-be5f-4276-9161-6475b1d6e490,DaK3XSe6ir,Lavern,Bechtelar,lavern.bechtelar,lavern.bechtelar@email.com,https://robohash.org/liberosimiliquenisi.png?size=300x300&set=set1,Agender,+993 1-342-948-4738 x18241,669018087,1979-10-11,Technology Architect,Teamwork,New Eltonton,Marshall Junction,594 O'Hara Pine,17087-3686,Hawaii,United States,-58.19473648061414,-40.90753029928098,5567-5832-5924-2195,Free Trial,Pending,WeChat Pay,Annual
8103,f67fa757-2365-4459-9c64-b5e86c6c35e6,dQo61fVHeS,Chasity,Macejkovic,chasity.macejkovic,chasity.macejkovic@email.com,https://robohash.org/veritatisquiarchitecto.png?size=300x300&set=set1,Genderqueer,+387 1-320-299-6575,652096348,1974-02-07,Healthcare Officer,Teamwork,Isidrohaven,Fahey Heights,6525 Booker Gardens,94142-4199,Nebraska,United States,-28.217325555046486,-94.40872829484097,4929104075573,Bronze,Blocked,Cash,Full subscription
6673,101c7087-319c-4f69-b7be-ef0bf30ef815,9RNO7hMoWQ,Miriam,McKenzie,miriam.mckenzie,miriam.mckenzie@email.com,https://robohash.org/maioresodiodeserunt.png?size=300x300&set=set1,Genderqueer,+238 (474) 253-5875 x32491,392404299,1966-08-24,Regional Accounting Representative,Organisation,Ritchieton,Rau Plaza,238 Greenfelder Trace,44003-0673,Texas,United States,-70.32239634557081,28.751492155052347,4180-1356-8676-2301,Essential,Pending,Google Pay,Annual
4743,ec1a03fe-5793-4381-b331-735c0e527d19,rdGTB2PDez,Santos,Glover,santos.glover,santos.glover@email.com,https://robohash.org/doloresetipsam.png?size=300x300&set=set1,Female,+591 1-831-590-8398,662140334,1995-03-27,Chief Advertising Architect,Networking skills,New Claudio,Molly Dam,419 Green Valley,72503-6694,Alabama,United States,-31.838952165928006,91.55901767852816,5333-4269-3622-0320,Diamond,Idle,Credit card,Full subscription
7197,f5f8f788-bf99-4d39-a670-b7072e4df7aa,TPYusRvd1C,Darrell,Braun,darrell.braun,darrell.braun@email.com,https://robohash.org/voluptatempossimusrepellat.png?size=300x300&set=set1,Male,+57 406-069-3086 x6141,578541666,1990-07-08,Regional Engineer,Networking skills,North Damianmouth,Denny Viaduct,678 Blake Island,07572-5335,Virginia,United States,-2.844125870945419,-78.47626577821684,5396-0365-6784-3441,Silver,Idle,Debit card,Monthly
8751,69cf6bcb-c7f4-4e54-9a9e-810a23b49b61,bj3FJMILZu,Shavonda,Kemmer,shavonda.kemmer,shavonda.kemmer@email.com,https://robohash.org/etevenietnisi.png?size=300x300&set=set1,Genderfluid,+371 1-728-591-4133 x52400,120156906,1992-12-27,Forward Technology Administrator,Fast learner,Port Lorita,Modesta Springs,1476 Timika Road,90731,Virginia,United States,39.44775845175482,-68.52066887043416,4278-3651-5644-3024,Gold,Idle,Paypal,Annual
6771,1f596e68-af2e-4a7f-8a91-07cfebabadc8,WiAOB2C1YI,Fermin,Schoen,fermin.schoen,fermin.schoen@email.com,https://robohash.org/repudiandaequiqui.png?size=300x300&set=set1,Polygender,+350 1-704-647-4136 x095,538481466,1967-03-02,Marketing Orchestrator,Self-motivated,Kilbackborough,Harvey Mountains,82398 Jerrold Mountain,73146,Idaho,United States,-72.36716563277338,42.03149041382517,6771-8966-4088-5450,Diamond,Pending,Google Pay,Full subscription
5023,b6fec198-b9ee-45ad-a43e-082bc53ed6ca,YEOKPJ2CDj,Assunta,Wisoky,assunta.wisoky,assunta.wisoky@email.com,https://robohash.org/inutdolor.png?size=300x300&set=set1,Bigender,+855 (147) 866-4163 x55350,295884928,1984-05-23,Regional Real-Estate Agent,Self-motivated,Halvorsonport,Waters Dale,405 Franecki Alley,90533-0247,Kentucky,United States,13.513559353551457,-151.4533480540636,4698719514306,Essential,Idle,Alipay,Payment in advance
487,bf757511-0ab0-403c-ba44-e7134a19b9e6,KATPbOX0c1,Maxwell,Russel,maxwell.russel,maxwell.russel@email.com,https://robohash.org/sapienteliberoomnis.png?size=300x300&set=set1,Bigender,+962 1-732-093-1809 x174,685344897,1975-03-09,Future Government Director,Networking skills,Hanefurt,Gutmann Union,6938 Ariane Meadow,61238,Missouri,United States,-72.96796028255176,-58.256183374639264,5270-3944-5053-7617,Basic,Pending,Google Pay,Monthly
6238,42b0a276-b2d0-4284-9481-99e45fe4a437,y7epdzfh16,Steven,Kessler,steven.kessler,steven.kessler@email.com,https://robohash.org/namveroveritatis.png?size=300x300&set=set1,Agender,+39 193-841-4027,622400695,1967-07-22,Mining Associate,Problem solving,Gillianshire,Edwin Light,498 Isaias Shoal,39186,Connecticut,United States,-32.9451380443867,115.78693026888396,6771-8978-2628-5465,Silver,Idle,Credit card,Payment in advance